bitsize of rsa, amount of oracle calls, time in seconds, message used
2048, 28820, 361.42140364646912048, secret message
1024, 216835, 97.45413041114807, secret message
1024, 9351, 4.41949462890625, secret message
1024, 421544, 188.13639545440674, secret message
1024, 288860, 132.23697447776794, secret message
1024, 675733, 301.9433720111847, secret message
1024, 296748, 133.70532035827637, secret message
1024, 52532, 40.86268472671509, secret message
1024, 28682, 12.548287391662598, secret message
1024, 124240, 53.734336137771606, secret message
1024, 31727, 13.878738164901733, secret message
1024, 25887, 11.484215259552002, secret message
1024, 41834, 18.247454166412354, secret message
1024, 254444, 111.93125414848328, secret message
1024, 13004, 5.85337495803833, secret message
2048, 42286, 61.402995586395264, secret message
2048, 10628, 16.07297921180725, secret message
2048, 250057, 353.3237295150757, secret message
256, 750034, 116.78788018226624, secret message
256, 68477, 10.86585283279419, secret message
1024, 503890, 212.26971650123596, secret message
1024, 28563, 12.218093633651733, secret message
1024, 219611, 93.04169797897339, secret message
2048, 131892, 182.1104986667633, secret message
2048, 14077, 20.01816487312317, secret message
2048, 152866, 211.653413772583, secret message
1024, 30487, 14.702113389968872, secret message
1024, 631600, 298.8034288883209, secret message
1024, 172872, 81.43025970458984, secret message
1024, 413292, 194.69553399085999, secret message
1024, 8440, 4.165781497955322, secret message
1024, 41046, 19.572976112365723, secret message
1024, 26747, 12.745957612991333, secret message
1024, 423706, 200.3721947669983, secret message
2048, 47070, 74.00013709068298, secret message
2048, 31513, 49.56326484680176, secret message
2048, 309599, 493.74105167388916, secret message
2048, 173091, 273.30257534980774, secret message
2048, 203127, 315.53483057022095, secret message
2048, 119334, 186.35440731048584, secret message
2048, 119058, 186.03163623809814, secret message
2048, 31327, 49.795104026794434, secret message
4096, 16686, 134.90752148628235, secret message
256, 1658511, 318.7995467185974, secret message
256, 1429840, 282.8192250728607, secret message
256, 2111755, 355.2329833507538, secret message
256, 506471, 79.79881358146667, secret message
256, 584546, 93.47593665122986, secret message
256, 4272023, 675.2809915542603, secret message
256, 618412, 97.63046336174011, secret message
256, 3810284, 658.6499750614166, secret message
256, 1049080, 195.03209829330444, secret message
256, 418476, 79.48388457298279, secret message
1024, 123172, 51.75412154197693, secret message with a very secret aes key inside
1024, 537565, 231.3165488243103, secret message with a very secret aes key inside
1024, 11914, 5.3950583934783936, secret message with a very secret aes key inside.
1024, 227926, 97.41822671890259, secret message with a very secret aes key inside.
1024, 34234, 15.047205686569214, secret message with a very secret aes key inside.
1024, 518738, 228.81547594070435, secret message with a very secret aes key inside.
1024, 19141, 9.306572437286377, secret message with a very secret aes key inside.
1024, 11070, 5.237290859222412, secret message with a very secret aes key inside.
1024, 318842, 148.65716433525085, secret message with a very secret aes key inside.
1024, 80231, 37.592726707458496, secret message with a very secret aes key inside.
1024, 438776, 201.88898420333862, secret message with a very secret aes key inside.
1024, 49383, 21.680339574813843, secret message with a very secret aes key inside.
1024, 42633, 18.54974365234375, secret message with a very secret aes key inside.
1024, 480422, 209.62787222862244, secret message with a very secret aes key inside.
1024, 248357, 107.51206851005554, secret message with a very secret aes key inside.
1024, 846439, 381.3747224807739, secret message with a very secret aes key inside.
1024, 391093, 180.28098678588867, secret message with a very secret aes key inside.
2048, 135133, 201.42261695861816, secret message with a very secret aes key inside.
2048, 174842, 258.713161945343, secret message with a very secret aes key inside.
2048, 145295, 220.83233857154846, secret message with a very secret aes key inside.
2048, 24866, 37.76391124725342, secret message with a very secret aes key inside.
2048, 409999, 599.8317646980286, secret message with a very secret aes key inside.
2048, 41097, 60.47486925125122, secret message with a very secret aes key inside.
2048, 101519, 151.09404373168945, secret message with a very secret aes key inside.
2048, 8392, 13.403962850570679, secret message with a very secret aes key inside.
2048, 9365, 14.713644981384277, secret message with a very secret aes key inside.
2048, 116929, 173.60831427574158, secret message with a very secret aes key inside.
2048, 14272, 21.798601388931274, secret message with a very secret aes key inside.
2048, 55347, 81.763986825943, secret message with a very secret aes key inside.
2048, 271724, 395.43571281433105, secret message with a very secret aes key inside.
2048, 204931, 296.22846937179565, secret message with a very secret aes key inside.
2048, 40532, 59.082945823669434, secret message with a very secret aes key inside.
4096, 230566, 1653.5261874198914, secret message with a very secret aes key inside.
4096, 44567, 310.6984736919403, secret message with a very secret aes key inside.
4096, 53993, 376.4941871166229, secret message with a very secret aes key inside.
4096, 12257, 91.98610782623291, secret message with a very secret aes key inside.
1024, 718566, 294.59493041038513, secret message with a very secret aes key inside.
1024, 29316, 12.832659006118774, secret message with a very secret aes key inside.
1024, 120901, 49.94852638244629, secret message with a very secret aes key inside.
1024, 24527, 10.267178535461426, secret message with a very secret aes key inside.
1024, 117856, 49.418678998947144, secret message with a very secret aes key inside.
1024, 277866, 114.28753638267517, secret message with a very secret aes key inside.
1024, 8213, 3.603846311569214, secret message with a very secret aes key inside.
1024, 10939, 4.683580636978149, secret message with a very secret aes key inside.
1024, 14468, 6.218561410903931, secret message with a very secret aes key inside.
1024, 47610, 19.722070455551147, secret message with a very secret aes key inside.
1024, 23514, 9.96486496925354, secret message with a very secret aes key inside.
1024, 250376, 104.02165389060974, secret message with a very secret aes key inside.
1024, 111997, 47.36863660812378, secret message with a very secret aes key inside.
1024, 163719, 67.31445050239563, secret message with a very secret aes key inside.
1024, 162255, 68.41605114936829, secret message with a very secret aes key inside.
1024, 200083, 81.99585437774658, secret message with a very secret aes key inside.
1024, 327803, 135.43160486221313, secret message with a very secret aes key inside.
1024, 41962, 17.667016744613647, secret message with a very secret aes key inside.
1024, 29445, 12.292450428009033, secret message with a very secret aes key inside.
1024, 79578, 33.213298320770264, secret message with a very secret aes key inside.
1024, 33394, 14.029346704483032, secret message with a very secret aes key inside.
1024, 7057, 3.1351163387298584, secret message with a very secret aes key inside.
1024, 16605, 7.216124057769775, secret message with a very secret aes key inside.
1024, 13010, 5.579143762588501, secret message with a very secret aes key inside.
1024, 7504, 3.3358829021453857, secret message with a very secret aes key inside.
1024, 78009, 34.62094449996948, secret message with a very secret aes key inside.
1024, 107653, 45.448787689208984, secret message with a very secret aes key inside.
1024, 9754, 4.153864145278931, secret message with a very secret aes key inside.
1024, 388231, 160.13852858543396, secret message with a very secret aes key inside.
1024, 218920, 92.05815696716309, secret message with a very secret aes key inside.
1024, 10155, 4.364156484603882, secret message with a very secret aes key inside.
1024, 224595, 93.15375971794128, secret message with a very secret aes key inside.
1024, 8243, 3.595776081085205, secret message with a very secret aes key inside.
1024, 387709, 158.80190181732178, secret message with a very secret aes key inside.
1024, 151272, 61.95878767967224, secret message with a very secret aes key inside.
1024, 149956, 62.06651329994202, secret message with a very secret aes key inside.
1024, 25305, 10.713323593139648, secret message with a very secret aes key inside.
1024, 42601, 18.120676279067993, secret message with a very secret aes key inside.
1024, 214244, 89.99732875823975, secret message with a very secret aes key inside.
1024, 98709, 43.33120584487915, secret message with a very secret aes key inside.
1024, 523128, 214.03992080688477, secret message with a very secret aes key inside.
1024, 238970, 99.32838869094849, secret message with a very secret aes key inside.
1024, 12322, 5.294035196304321, secret message with a very secret aes key inside.
1024, 368213, 150.24522185325623, secret message with a very secret aes key inside.
1024, 331409, 135.72555112838745, secret message with a very secret aes key inside.
1024, 224003, 92.70218276977539, secret message with a very secret aes key inside.
1024, 377839, 156.94688391685486, secret message with a very secret aes key inside.
1024, 29245, 12.291752576828003, secret message with a very secret aes key inside.
1024, 223771, 94.42123746871948, secret message with a very secret aes key inside.
1024, 216409, 90.67594981193542, secret message with a very secret aes key inside.
1024, 187655, 78.38436079025269, secret message with a very secret aes key inside.
1024, 307626, 128.6334776878357, secret message with a very secret aes key inside.
1024, 263324, 108.30114793777466, secret message with a very secret aes key inside.
1024, 64533, 26.73862862586975, secret message with a very secret aes key inside.
1024, 407000, 168.5101568698883, secret message with a very secret aes key inside.
1024, 10261, 4.546148061752319, secret message with a very secret aes key inside.
1024, 58487, 24.25160574913025, secret message with a very secret aes key inside.
1024, 268666, 110.63868021965027, secret message with a very secret aes key inside.
1024, 314452, 128.87969827651978, secret message with a very secret aes key inside.
1024, 45077, 18.514644384384155, secret message with a very secret aes key inside.
1024, 12023, 5.127809762954712, secret message with a very secret aes key inside.
1024, 13142, 5.636970520019531, secret message with a very secret aes key inside.
1024, 568223, 234.7644727230072, secret message with a very secret aes key inside.
1024, 225546, 94.61576581001282, secret message with a very secret aes key inside.
1024, 10429, 4.451810836791992, secret message with a very secret aes key inside.
1024, 35578, 15.045789241790771, secret message with a very secret aes key inside.
1024, 13171, 5.59082555770874, secret message with a very secret aes key inside.
1024, 341866, 140.75478506088257, secret message with a very secret aes key inside.
1024, 29227, 12.343700647354126, secret message with a very secret aes key inside.
1024, 192626, 80.4324140548706, secret message with a very secret aes key inside.
1024, 398266, 166.07958006858826, secret message with a very secret aes key inside.
1024, 194918, 80.34539675712585, secret message with a very secret aes key inside.
1024, 369692, 153.8096718788147, secret message with a very secret aes key inside.
1024, 43544, 18.360673904418945, secret message with a very secret aes key inside.
1024, 439439, 183.05645513534546, secret message with a very secret aes key inside.
1024, 523277, 218.6879677772522, secret message with a very secret aes key inside.
1024, 317326, 130.96940755844116, secret message with a very secret aes key inside.
1024, 11182, 4.7994384765625, secret message with a very secret aes key inside.
1024, 22710, 9.641731023788452, secret message with a very secret aes key inside.
1024, 327377, 136.12934851646423, secret message with a very secret aes key inside.
1024, 55236, 23.029090881347656, secret message with a very secret aes key inside.
1024, 174540, 71.81194567680359, secret message with a very secret aes key inside.
1024, 12209, 5.201058864593506, secret message with a very secret aes key inside.
1024, 29444, 12.654399394989014, secret message with a very secret aes key inside.
1024, 45234, 18.828076362609863, secret message with a very secret aes key inside.
1024, 208265, 86.67280507087708, secret message with a very secret aes key inside.
1024, 24168, 10.213702917098999, secret message with a very secret aes key inside.
1024, 391034, 161.75407361984253, secret message with a very secret aes key inside.
1024, 11820, 5.099319696426392, secret message with a very secret aes key inside.
1024, 406201, 168.9193377494812, secret message with a very secret aes key inside.
1024, 438297, 180.98623085021973, secret message with a very secret aes key inside.
1024, 55573, 23.159700393676758, secret message with a very secret aes key inside.
1024, 29827, 13.081730842590332, secret message with a very secret aes key inside.
1024, 10306, 4.420809745788574, secret message with a very secret aes key inside.
1024, 583029, 239.93596696853638, secret message with a very secret aes key inside.
1024, 301038, 124.53286361694336, secret message with a very secret aes key inside.
1024, 178954, 73.38783144950867, secret message with a very secret aes key inside.
1024, 95913, 39.431588888168335, secret message with a very secret aes key inside.
1024, 124900, 51.763625621795654, secret message with a very secret aes key inside.
1024, 96051, 40.1469087600708, secret message with a very secret aes key inside.
1024, 24203, 10.242261409759521, secret message with a very secret aes key inside.
1024, 33943, 14.174344778060913, secret message with a very secret aes key inside.
1024, 41860, 17.73951292037964, secret message with a very secret aes key inside.
2048, 211957, 289.57912135124207, secret message with a very secret aes key inside.
2048, 14780, 21.459864616394043, secret message with a very secret aes key inside.
2048, 320000, 433.75891399383545, secret message with a very secret aes key inside.
2048, 156286, 215.28620743751526, secret message with a very secret aes key inside.
2048, 110064, 150.08403754234314, secret message with a very secret aes key inside.
2048, 41973, 57.597846031188965, secret message with a very secret aes key inside.
2048, 107717, 147.54847407341003, secret message with a very secret aes key inside.
2048, 24467, 34.99501085281372, secret message with a very secret aes key inside.
2048, 48630, 67.00679278373718, secret message with a very secret aes key inside.
2048, 38142, 52.224365234375, secret message with a very secret aes key inside.
2048, 68297, 93.82393288612366, secret message with a very secret aes key inside.
2048, 53070, 72.41224122047424, secret message with a very secret aes key inside.
2048, 32246, 44.422292947769165, secret message with a very secret aes key inside.
2048, 155080, 212.00927758216858, secret message with a very secret aes key inside.
2048, 262736, 356.6800193786621, secret message with a very secret aes key inside.
2048, 211179, 287.68188190460205, secret message with a very secret aes key inside.
2048, 38907, 53.48456287384033, secret message with a very secret aes key inside.
2048, 79094, 108.13009858131409, secret message with a very secret aes key inside.
2048, 305061, 417.4562723636627, secret message with a very secret aes key inside.
2048, 12360, 17.541731357574463, secret message with a very secret aes key inside.
2048, 9588, 13.829270362854004, secret message with a very secret aes key inside.
2048, 201122, 273.7548351287842, secret message with a very secret aes key inside.
2048, 66497, 90.94725918769836, secret message with a very secret aes key inside.
2048, 57112, 78.01766896247864, secret message with a very secret aes key inside.
2048, 210887, 288.2997272014618, secret message with a very secret aes key inside.
2048, 194208, 263.4928512573242, secret message with a very secret aes key inside.
2048, 256179, 349.1742334365845, secret message with a very secret aes key inside.
2048, 49304, 68.91534280776978, secret message with a very secret aes key inside.
2048, 51296, 70.78552842140198, secret message with a very secret aes key inside.
2048, 29392, 40.69802904129028, secret message with a very secret aes key inside.
2048, 244914, 333.5662212371826, secret message with a very secret aes key inside.
2048, 52727, 71.91391897201538, secret message with a very secret aes key inside.
2048, 17789, 24.880242109298706, secret message with a very secret aes key inside.
2048, 367671, 499.6490776538849, secret message with a very secret aes key inside.
2048, 340478, 462.6412601470947, secret message with a very secret aes key inside.
2048, 26628, 36.725945472717285, secret message with a very secret aes key inside.
2048, 10643, 15.164357900619507, secret message with a very secret aes key inside.
2048, 87829, 119.94390439987183, secret message with a very secret aes key inside.
2048, 146846, 200.42119526863098, secret message with a very secret aes key inside.
2048, 136068, 186.14553022384644, secret message with a very secret aes key inside.
2048, 93950, 128.09043526649475, secret message with a very secret aes key inside.
2048, 164783, 223.8650438785553, secret message with a very secret aes key inside.
2048, 34516, 47.637556076049805, secret message with a very secret aes key inside.
2048, 10728, 15.266733646392822, secret message with a very secret aes key inside.
2048, 216395, 294.01684832572937, secret message with a very secret aes key inside.
2048, 66051, 90.40843296051025, secret message with a very secret aes key inside.
2048, 35985, 51.64201474189758, secret message with a very secret aes key inside.
2048, 9695, 13.930273294448853, secret message with a very secret aes key inside.
2048, 329811, 448.7507920265198, secret message with a very secret aes key inside.
2048, 53895, 73.6977379322052, secret message with a very secret aes key inside.
2048, 41360, 56.925883769989014, secret message with a very secret aes key inside.
2048, 12605, 17.986027479171753, secret message with a very secret aes key inside.
2048, 191728, 260.85784816741943, secret message with a very secret aes key inside.
2048, 39283, 54.13992881774902, secret message with a very secret aes key inside.
2048, 419283, 570.4308207035065, secret message with a very secret aes key inside.
2048, 36667, 50.97422933578491, secret message with a very secret aes key inside.
2048, 49469, 67.64762854576111, secret message with a very secret aes key inside.
2048, 10766, 15.54523491859436, secret message with a very secret aes key inside.
2048, 36479, 50.33475184440613, secret message with a very secret aes key inside.
2048, 197688, 268.7989342212677, secret message with a very secret aes key inside.
2048, 13171, 18.604434967041016, secret message with a very secret aes key inside.
2048, 37052, 50.80475330352783, secret message with a very secret aes key inside.
2048, 474630, 644.2262938022614, secret message with a very secret aes key inside.
2048, 36494, 49.99584650993347, secret message with a very secret aes key inside.
2048, 434427, 591.866702079773, secret message with a very secret aes key inside.
2048, 9670, 13.882770299911499, secret message with a very secret aes key inside.
2048, 36670, 50.22490453720093, secret message with a very secret aes key inside.
2048, 174206, 236.89601707458496, secret message with a very secret aes key inside.
2048, 263673, 358.22026920318604, secret message with a very secret aes key inside.
2048, 269168, 365.28978395462036, secret message with a very secret aes key inside.
2048, 10052, 14.42688536643982, secret message with a very secret aes key inside.
2048, 196929, 266.66769099235535, secret message with a very secret aes key inside.
2048, 278080, 378.9554798603058, secret message with a very secret aes key inside.
2048, 37519, 51.58016633987427, secret message with a very secret aes key inside.
2048, 121914, 165.89686822891235, secret message with a very secret aes key inside.
2048, 51856, 71.2453362941742, secret message with a very secret aes key inside.
2048, 223776, 304.94224667549133, secret message with a very secret aes key inside.
2048, 10565, 15.059626340866089, secret message with a very secret aes key inside.
2048, 260799, 368.2514843940735, secret message with a very secret aes key inside.
2048, 108841, 150.22241473197937, secret message with a very secret aes key inside.
2048, 29064, 40.63135075569153, secret message with a very secret aes key inside.
2048, 130694, 180.663658618927, secret message with a very secret aes key inside.
2048, 220111, 301.8302958011627, secret message with a very secret aes key inside.
2048, 27746, 38.58045673370361, secret message with a very secret aes key inside.
2048, 30666, 43.05686330795288, secret message with a very secret aes key inside.
2048, 477294, 695.7412104606628, secret message with a very secret aes key inside.
2048, 256464, 356.10694432258606, secret message with a very secret aes key inside.
2048, 171581, 240.41771006584167, secret message with a very secret aes key inside.
2048, 18422, 26.905104637145996, secret message with a very secret aes key inside.
2048, 54843, 84.02059292793274, secret message with a very secret aes key inside.
2048, 23895, 34.73236799240112, secret message with a very secret aes key inside.
2048, 168605, 235.2387819290161, secret message with a very secret aes key inside.
2048, 11208, 16.27040123939514, secret message with a very secret aes key inside.
2048, 30797, 43.82211971282959, secret message with a very secret aes key inside.
2048, 408792, 565.5766761302948, secret message with a very secret aes key inside.
2048, 188754, 263.08971548080444, secret message with a very secret aes key inside.
2048, 39710, 57.84172248840332, secret message with a very secret aes key inside.
2048, 13808, 20.199576377868652, secret message with a very secret aes key inside.
2048, 20254, 29.5259690284729, secret message with a very secret aes key inside.
2048, 157417, 226.4899935722351, secret message with a very secret aes key inside.
4096, 82847, 566.351414680481, secret message with a very secret aes key inside.
4096, 139588, 962.4754078388214, secret message with a very secret aes key inside.
4096, 34737, 242.43662071228027, secret message with a very secret aes key inside.
4096, 115415, 789.7762839794159, secret message with a very secret aes key inside.
4096, 140051, 958.1711597442627, secret message with a very secret aes key inside.
4096, 38837, 267.9878041744232, secret message with a very secret aes key inside.
4096, 48901, 336.12039613723755, secret message with a very secret aes key inside.
4096, 93089, 642.3757107257843, secret message with a very secret aes key inside.
4096, 276141, 1888.7676985263824, secret message with a very secret aes key inside.
4096, 231186, 1595.0064506530762, secret message with a very secret aes key inside.
4096, 28356, 199.21046996116638, secret message with a very secret aes key inside.
4096, 13725, 98.2624249458313, secret message with a very secret aes key inside.
4096, 20079, 141.14560961723328, secret message with a very secret aes key inside.
4096, 13721, 96.79074001312256, secret message with a very secret aes key inside.
4096, 13750, 98.89690208435059, secret message with a very secret aes key inside.
4096, 40310, 280.8832440376282, secret message with a very secret aes key inside.
4096, 12323, 87.9125862121582, secret message with a very secret aes key inside.
4096, 33436, 233.49577641487122, secret message with a very secret aes key inside.
4096, 50216, 346.9176506996155, secret message with a very secret aes key inside.
4096, 83013, 566.2231464385986, secret message with a very secret aes key inside.
4096, 20084, 141.5125172138214, secret message with a very secret aes key inside.
4096, 23504, 163.50804948806763, secret message with a very secret aes key inside.
4096, 38985, 272.8517997264862, secret message with a very secret aes key inside.
4096, 25421, 179.71329927444458, secret message with a very secret aes key inside.
4096, 39822, 276.20107913017273, secret message with a very secret aes key inside.
4096, 70040, 479.24643898010254, secret message with a very secret aes key inside.
4096, 302855, 2061.7512407302856, secret message with a very secret aes key inside.
4096, 158031, 1084.14439868927, secret message with a very secret aes key inside.
4096, 14618, 103.25328230857849, secret message with a very secret aes key inside.
4096, 12834, 91.78068041801453, secret message with a very secret aes key inside.
4096, 40450, 280.2178604602814, secret message with a very secret aes key inside.
4096, 33931, 236.2967541217804, secret message with a very secret aes key inside.
1024, 12234, 48.63131356239319, secret message with a very secret aes key inside., using oracle2 and rsa_controller2
1024, 177328, 637.8693687915802, secret message with a very secret aes key inside., using oracle2 and rsa_controller2
1024, 44892, 167.42814540863037, secret message with a very secret aes key inside., using oracle2 and rsa_controller2
1024, 207193, 598.9994313716888, secret message with a very secret aes key inside., using oracle2 and rsa_controller2
1024, 528880, 1184.753702878952, secret message with a very secret aes key inside., using oracle2 and rsa_controller2
1024, 825740, 1093.0713949203491, secret message with a very secret aes key inside., using oracle2 and rsa_controller2
1024, 990168, 604.9741730690002, secret message with a very secret aes key inside., using oracle2 and rsa_controller2
1024, 1024411, 126.35286450386047, secret message with a very secret aes key inside., using oracle2 and rsa_controller2
1024, 1058403, 125.46691918373108, secret message with a very secret aes key inside., using oracle2 and rsa_controller2
1024, 1237523, 662.4677686691284, secret message with a very secret aes key inside., using oracle2 and rsa_controller2
1024, 1472658, 866.4563381671906, secret message with a very secret aes key inside., using oracle2 and rsa_controller2
1024, 1508358, 131.50996470451355, secret message with a very secret aes key inside., using oracle2 and rsa_controller2
1024, 1819934, 1148.4616253376007, secret message with a very secret aes key inside., using oracle2 and rsa_controller2
1024, 2163177, 1263.6412029266357, secret message with a very secret aes key inside., using oracle2 and rsa_controller2
1024, 2594581, 1589.8459522724152, secret message with a very secret aes key inside., using oracle2 and rsa_controller2
1024, 2771396, 652.0684967041016, secret message with a very secret aes key inside., using oracle2 and rsa_controller2
1024, 2781382, 36.913649797439575, secret message with a very secret aes key inside., using oracle2 and rsa_controller2
1024, 3032370, 924.3471703529358, secret message with a very secret aes key inside., using oracle2 and rsa_controller2
1024, 3068479, 133.19819569587708, secret message with a very secret aes key inside., using oracle2 and rsa_controller2
1024, 3233326, 607.1038777828217, secret message with a very secret aes key inside., using oracle2 and rsa_controller2
1024, 3240226, 25.595425605773926, secret message with a very secret aes key inside., using oracle2 and rsa_controller2
1024, 3501470, 962.5848903656006, secret message with a very secret aes key inside., using oracle2 and rsa_controller2
1024, 4043277, 1999.539294719696, secret message with a very secret aes key inside., using oracle2 and rsa_controller2
1024, 4855322, 2991.4814829826355, secret message with a very secret aes key inside., using oracle2 and rsa_controller2
1024, 4865008, 35.77008366584778, secret message with a very secret aes key inside., using oracle2 and rsa_controller2
1024, 4873390, 30.868680715560913, secret message with a very secret aes key inside., using oracle2 and rsa_controller2
1024, 5571113, 2585.1927602291107, secret message with a very secret aes key inside., using oracle2 and rsa_controller2
1024, 5781207, 774.3049190044403, secret message with a very secret aes key inside., using oracle2 and rsa_controller2
1024, 6237518, 1681.6088485717773, secret message with a very secret aes key inside., using oracle2 and rsa_controller2
1024, 6408571, 632.9378871917725, secret message with a very secret aes key inside., using oracle2 and rsa_controller2
1024, 10061, 38.42342185974121, secret message with a very secret aes key inside., using oracle2 and rsa_controller2
1024, 46759, 174.37511229515076, secret message with a very secret aes key inside., using oracle2 and rsa_controller2
1024, 19762, 75.86002469062805, secret message with a very secret aes key inside., using oracle2 and rsa_controller2
1024, 9506, 34.110642194747925, secret message with a very secret aes key inside., using oracle2 and rsa_controller2
1024, 408081, 1539.8751409053802, secret message with a very secret aes key inside., using oracle2 and rsa_controller2
1024, 31353, 118.49988102912903, secret message with a very secret aes key inside., using oracle2 and rsa_controller2
1024, 371425, 1367.9165713787079, secret message with a very secret aes key inside., using oracle2 and rsa_controller2
1024, 256106, 975.326726436615, secret message with a very secret aes key inside., using oracle2 and rsa_controller2
1024, 317653, 1163.468490600586, secret message with a very secret aes key inside., using oracle2 and rsa_controller2
1024, 179682, 677.594651222229, secret message with a very secret aes key inside., using oracle2 and rsa_controller2
1024, 10003, 38.31618666648865, secret message with a very secret aes key inside., using oracle2 and rsa_controller2
1024, 199016, 715.0659976005554, secret message with a very secret aes key inside., using oracle2 and rsa_controller2
1024, 288506, 1052.5124020576477, secret message with a very secret aes key inside., using oracle2 and rsa_controller2
1024, 24465, 92.25691151618958, secret message with a very secret aes key inside., using oracle2 and rsa_controller2
1024, 373331, 1409.656809091568, secret message with a very secret aes key inside., using oracle2 and rsa_controller2
1024, 177695, 648.3857793807983, secret message with a very secret aes key inside., using oracle2 and rsa_controller2
1024, 8056, 30.70272946357727, secret message with a very secret aes key inside., using oracle2 and rsa_controller2
1024, 35476, 132.81750512123108, secret message with a very secret aes key inside., using oracle2 and rsa_controller2
1024, 435195, 1569.4275982379913, secret message with a very secret aes key inside., using oracle2 and rsa_controller2
1024, 241576, 901.9868960380554, secret message with a very secret aes key inside., using oracle2 and rsa_controller2
1024, 458868, 1683.7138969898224, secret message with a very secret aes key inside., using oracle2 and rsa_controller2
1024, 171095, 648.129784822464, secret message with a very secret aes key inside., using oracle2 and rsa_controller2
1024, 201931, 755.6022253036499, secret message with a very secret aes key inside., using oracle2 and rsa_controller2
1024, 146085, 540.6267745494843, secret message with a very secret aes key inside., using oracle2 and rsa_controller2
1024, 24543, 88.77485585212708, secret message with a very secret aes key inside., using oracle2 and rsa_controller2
1024, 272043, 1018.0435273647308, secret message with a very secret aes key inside., using oracle2 and rsa_controller2
1024, 40684, 150.94810104370117, secret message with a very secret aes key inside., using oracle2 and rsa_controller2
1024, 316399, 1236.8881752490997, secret message with a very secret aes key inside., using oracle2 and rsa_controller2
1024, 136275, 531.6835386753082, secret message with a very secret aes key inside., using oracle2 and rsa_controller2
1024, 31832, 129.9547827243805, secret message with a very secret aes key inside., using oracle2 and rsa_controller2
1024, 115468, 471.9004201889038, secret message with a very secret aes key inside., using oracle2 and rsa_controller2
1024, 371508, 1435.6854646205902, secret message with a very secret aes key inside., using oracle2 and rsa_controller2
1024, 9045, 34.03826069831848, secret message with a very secret aes key inside., using oracle2 and rsa_controller2
1024, 400798, 1552.8634057044983, secret message with a very secret aes key inside., using oracle2 and rsa_controller2
1024, 7541, 30.351895809173584, secret message with a very secret aes key inside., using oracle2 and rsa_controller2
1024, 95256, 430.42131519317627, secret message with a very secret aes key inside., using oracle, only checking first 2 bytes
1024, 27703, 125.7590684890747, secret message with a very secret aes key inside., using oracle, only checking first 2 bytes
1024, 37812, 159.79373955726624, secret message with a very secret aes key inside., using oracle, only checking first 2 bytes
1024, 34975, 141.33697605133057, secret message with a very secret aes key inside., using oracle, only checking first 2 bytes
1024, 7782, 34.57858419418335, secret message with a very secret aes key inside., using oracle, only checking first 2 bytes
1024, 271797, 1153.8918447494507, secret message with a very secret aes key inside., using oracle, only checking first 2 bytes
1024, 132945, 568.9775629043579, secret message with a very secret aes key inside., using oracle, only checking first 2 bytes
1024, 4746, 21.25660276412964, secret message with a very secret aes key inside., using oracle, only checking first 2 bytes
1024, 29738, 128.0259518623352, secret message with a very secret aes key inside., using oracle, only checking first 2 bytes
1024, 74199, 317.3512661457062, secret message with a very secret aes key inside., using oracle, only checking first 2 bytes
1024, 28578, 115.76346492767334, secret message with a very secret aes key inside., using oracle, only checking first 2 bytes
1024, 16056, 70.85848927497864, secret message with a very secret aes key inside., using oracle, only checking first 2 bytes
1024, 27804, 118.1011791229248, secret message with a very secret aes key inside., using oracle, only checking first 2 bytes
1024, 111109, 460.87004804611206, secret message with a very secret aes key inside., using oracle, only checking first 2 bytes
1024, 22036, 93.02043843269348, secret message with a very secret aes key inside., using oracle, only checking first 2 bytes
1024, 146350, 648.1404538154602, secret message with a very secret aes key inside., using oracle, only checking first 2 bytes
1024, 4875, 21.091947555541992, secret message with a very secret aes key inside., using oracle, only checking first 2 bytes
1024, 19348, 83.63700723648071, secret message with a very secret aes key inside., using oracle, only checking first 2 bytes
1024, 81211, 357.03928542137146, secret message with a very secret aes key inside., using oracle, only checking first 2 bytes
1024, 91699, 413.56956934928894, secret message with a very secret aes key inside., using oracle, only checking first 2 bytes
1024, 101459, 435.45570063591003, secret message with a very secret aes key inside., using oracle, only checking first 2 bytes
1024, 30071, 136.95779728889465, secret message with a very secret aes key inside., using oracle, only checking first 2 bytes
1024, 6325, 28.861843824386597, secret message with a very secret aes key inside., using oracle, only checking first 2 bytes
1024, 4132, 18.841681241989136, secret message with a very secret aes key inside., using oracle, only checking first 2 bytes
1024, 215607, 907.3454248905182, secret message with a very secret aes key inside., using oracle, only checking first 2 bytes
1024, 11318, 50.06196188926697, secret message with a very secret aes key inside., using oracle, only checking first 2 bytes
1024, 4280, 18.158435821533203, secret message with a very secret aes key inside., using oracle, only checking first 2 bytes
1024, 30968, 136.14693450927734, secret message with a very secret aes key inside., using oracle, only checking first 2 bytes
1024, 5790, 24.130494356155396, secret message with a very secret aes key inside., using oracle, only checking first 2 bytes
1024, 5289, 23.00049138069153, secret message with a very secret aes key inside., using oracle, only checking first 2 bytes
1024, 22703, 101.47950744628906, secret message with a very secret aes key inside., using oracle, only checking first 2 bytes
2048, 5952, 167.17593574523926, secret message with a very secret aes key inside., using oracle, only checking first 2 bytes
2048, 69207, 1903.031687259674, secret message with a very secret aes key inside., using oracle, only checking first 2 bytes
2048, 9726, 271.70798206329346, secret message with a very secret aes key inside., using oracle, only checking first 2 bytes
2048, 19329, 478.38204073905945, secret message with a very secret aes key inside., using oracle, only checking first 2 bytes
2048, 4764, 120.38940262794495, secret message with a very secret aes key inside., using oracle, only checking first 2 bytes
2048, 52044, 1275.221757888794, secret message with a very secret aes key inside., using oracle, only checking first 2 bytes
2048, 19075, 479.2744765281677, secret message with a very secret aes key inside., using oracle, only checking first 2 bytes
2048, 58528, 1418.6166002750397, secret message with a very secret aes key inside., using oracle, only checking first 2 bytes
2048, 156119, 3898.6160955429077, secret message with a very secret aes key inside., using oracle, only checking first 2 bytes
2048, 51581, 1262.693917274475, secret message with a very secret aes key inside., using oracle, only checking first 2 bytes
2048, 21534, 536.8730449676514, secret message with a very secret aes key inside., using oracle, only checking first 2 bytes
2048, 37708, 925.7729604244232, secret message with a very secret aes key inside., using oracle, only checking first 2 bytes
2048, 63159, 1545.8588705062866, secret message with a very secret aes key inside., using oracle, only checking first 2 bytes
2048, 5811, 144.23820781707764, secret message with a very secret aes key inside., using oracle, only checking first 2 bytes
2048, 7386, 186.93097233772278, secret message with a very secret aes key inside., using oracle, only checking first 2 bytes
2048, 12090, 303.5689218044281, secret message with a very secret aes key inside., using oracle, only checking first 2 bytes
2048, 43569, 1066.7476398944855, secret message with a very secret aes key inside., using oracle, only checking first 2 bytes
2048, 5779, 144.25885677337646, secret message with a very secret aes key inside., using oracle, only checking first 2 bytes
2048, 9877, 249.1912910938263, secret message with a very secret aes key inside., using oracle, only checking first 2 bytes
2048, 33635, 837.9169390201569, secret message with a very secret aes key inside., using oracle, only checking first 2 bytes
2048, 26600, 662.2751722335815, secret message with a very secret aes key inside., using oracle, only checking first 2 bytes
2048, 20935, 518.5227916240692, secret message with a very secret aes key inside., using oracle, only checking first 2 bytes
2048, 33612, 834.1759469509125, secret message with a very secret aes key inside., using oracle, only checking first 2 bytes
2048, 11021, 273.9614737033844, secret message with a very secret aes key inside., using oracle, only checking first 2 bytes
2048, 9972, 247.8944115638733, secret message with a very secret aes key inside., using oracle, only checking first 2 bytes
2048, 20939, 510.8951427936554, secret message with a very secret aes key inside., using oracle, only checking first 2 bytes
2048, 122631, 3050.935298204422, secret message with a very secret aes key inside., using oracle, only checking first 2 bytes
2048, 25591, 617.7094433307648, secret message with a very secret aes key inside., using oracle, only checking first 2 bytes
